{"cameraMode":{"drawMode":0,"name":"Shaded","section":"Shading Mode"},"sceneLighting":false,"audioPlay":false,"sceneViewState":{"m_AlwaysRefresh":false,"showFog":true,"showSkybox":false,"showFlares":true,"showImageEffects":true,"showParticleSystems":true,"showVisualEffectGraphs":true,"m_FxEnabled":true},"in2DMode":false,"pivot":{"x":0.1399993896484375,"y":1.3992141485214234,"z":2.8399996757507326},"rotation":{"x":-0.40529197454452517,"y":0.006031390279531479,"z":-0.002672894624993205,"w":-0.9141595959663391},"size":0.5406363606452942,"orthographic":false}