{"cameraMode":{"drawMode":0,"name":"Shaded","section":"Shading Mode"},"sceneLighting":false,"audioPlay":false,"sceneViewState":{"m_AlwaysRefresh":false,"showFog":true,"showSkybox":false,"showFlares":true,"showImageEffects":true,"showParticleSystems":true,"showVisualEffectGraphs":true,"m_FxEnabled":true},"in2DMode":false,"pivot":{"x":0.3138192892074585,"y":-0.19356182217597962,"z":2.5908968448638918},"rotation":{"x":-0.3467758297920227,"y":-0.028978237882256509,"z":0.010720714926719666,"w":-0.9374353289604187},"size":0.5173555016517639,"orthographic":false}